frame_nmr,car_id,x1_car_bbox,y1_car_bbox,x2_car_bbox,y2_car_bbox,x1_license_plate_bbox,y1_license_plate_bbox,x2_license_plate_bbox,y2_license_plate_bbox,license_number,license_number_score
9,3.0,737.198520027961,1396.0503641025662,1425.608286557016,2026.1469509109324,963,1797,1177,1883,#NAIJNRU,0.3560150595513893
10,3.0,736.5234008681307,1399.068298407029,1430.5200248398426,2031.7888224101835,967,1803,1170,1887,@NAIJNRU,0.25790847040916404
